{
    "name": "Mechanical Sight",
    "description": "You are able to view information about Create contraptions without the use of Goggles.",
    "badges": [
        {
            "type": "origins:tooltip",
            "sprite": "origins:textures/gui/badge/star.png",
            "text": "Constant 150 stress used"
        }
    ],
    "type": "origins:multiple",
    
    "callback": {
        "type": "origins:action_on_callback",
        "entity_action_gained": {
            "type": "origins:grant_power",
            "power": "createorigins:goggles",
            "source": "create_automaton:create_automaton"
        },
        "entity_action_lost": {
            "type": "origins:revoke_power",
            "power": "createorigins:goggles",
            "source": "create_automaton:create_automaton"
        },
        "execute_chosen_when_orb": true
    },

    "overstress": {
        "type": "origins:action_over_time",
        "rising_action": {
            "type": "origins:grant_power",
            "power": "createorigins:goggles",
            "source": "create_automaton:create_automaton"
        },
        "falling_action": {
            "type": "origins:revoke_power",
            "power": "createorigins:goggles",
            "source": "create_automaton:create_automaton"
        },
        "interval": 1,
        "condition": {
            "type": "origins:resource",
            "resource": "create_automaton:stress_overstress-toggle",
            "comparison": "==",
            "compare_to": 0
        }
    },

    "stress": {
        "type": "origins:action_on_callback",
        "entity_action_gained": {
            "type": "origins:execute_command",
            "command": "tag @s add hasDisplay"
        },
        "entity_action_lost": {
            "type": "origins:execute_command",
            "command": "tag @s remove hasDisplay"
        },
        "execute_chosen_when_orb": true
    }
}