{
    "name": "The Botanist",
	"description": "Long gone from your profession, you've became the thing you've cared for.",
    "icon": "minecraft:vine",
    "impact": 3,
	"powers": [
		"thebotanist:fragile_and_weak", 
		"thebotanist:vegetarian", 
		"thebotanist:fire_vulnerability", 
		"thebotanist:heavy_equipment", 
		
		"thebotanist:green_skin",
		
		"thebotanist:thorns_immunity", 
		"thebotanist:thorny_body", 
		"thebotanist:plentiful_crops", 
		"thebotanist:regen_in_water", 
		
		"thebotanist:dimension_backend",
		"thebotanist:garden_ability",
		"thebotanist:earthquake_ability"
	]
}
