{
    "name": "Cobble Mixture",
    "description": "Mix water and lava from your tanks to create cobblestone.",
    "badges": [
        {
            "type": "origins:tooltip",
            "sprite": "origins:textures/gui/badge/star.png",
            "text": "2 stress/cobblestone created"
        },
        {
            "type": "origins:tooltip",
            "sprite": "origins:textures/gui/badge/info.png",
            "text": "10 mB of water + lava = 1 cobblestone"
        },
        {
            "type": "origins:keybind",
            "sprite": "origins:textures/gui/badge/active.png",
            "text": "Create cobblestone using %s while not holding a bucket/bottle"
        }
    ],
    "type": "origins:active_self",
    "entity_action": {
        "type": "origins:and",
        "actions": [
            {
                "type": "origins:change_resource",
                "resource": "create_automaton:copper/tank/intake_water-resource",
                "change": -10
            },
            {
                "type": "origins:change_resource",
                "resource": "create_automaton:copper/tank/intake_lava-resource",
                "change": -10
            },
            {
                "type": "origins:change_resource",
                "resource": "create_automaton:stress_stress-meter",
                "change": 2
            },
            {
                "type": "origins:give",
                "stack": {
                    "item": "minecraft:cobblestone",
                    "amount": 1
                }
            }
        ]
    },
    "cooldown": 5,
    "hud_render": {
        "should_render": false
    },
    "key": {
        "key": "key.origins.secondary_active",
        "continuous": true
    },
    "condition": {
        "type": "origins:and",
        "conditions": [
            {
                "type": "origins:resource",
                "resource": "create_automaton:copper/tank/intake_water-resource",
                "comparison": ">=",
                "compare_to": 10
            },
            {
                "type": "origins:resource",
                "resource": "create_automaton:copper/tank/intake_lava-resource",
                "comparison": ">=",
                "compare_to": 10
            },
            {
                "type": "origins:equipped_item",
                "equipment_slot": "mainhand",
                "item_condition": {
                    "type": "origins:ingredient",
                    "ingredient": {
                        "item": "minecraft:bucket"
                    }
                },
                "inverted": true
            },
            {
                "type": "origins:equipped_item",
                "equipment_slot": "mainhand",
                "item_condition": {
                    "type": "origins:ingredient",
                    "ingredient": {
                        "item": "minecraft:glass_bottle"
                    }
                },
                "inverted": true
            }
        ]
    }
}