{
    "name": "Pour Liquid",
    "description": "Pour your stored water or lava into buckets.",
    "badges": [
        {
            "type": "origins:tooltip",
            "sprite": "origins:textures/gui/badge/star.png",
            "text": "120 stress/bucket"
        },
        {
            "type": "origins:tooltip",
            "sprite": "origins:textures/gui/badge/active.png",
            "text": [
                "Fill water with [",
                {
                    "keybind": "key.origins.secondary_active"
                },
                "]"
            ]
        },
        {
            "type": "origins:tooltip",
            "sprite": "origins:textures/gui/badge/active.png",
            "text": [
                "Fill lava with [",
                {
                    "keybind": "key.loadToolbarActivator"
                },
                "]"
            ]
        }
    ],
    "type": "origins:multiple",

    "pour-water": {
        "type": "origins:active_self",
        "entity_action": {
            "type": "origins:and",
            "actions": [
                {
                    "type": "origins:change_resource",
                    "resource": "create_automaton:copper/tank/intake_water-resource",
                    "change": -1000
                },
                {
                    "type": "origins:equipped_item_action",
                    "equipment_slot": "mainhand",
                    "action": {
                        "type": "origins:consume",
                        "amount": 1
                    }
                },
                {
                    "type": "origins:give",
                    "stack": {
                        "item": "minecraft:water_bucket",
                        "amount": 1
                    }
                },
                {
                    "type": "origins:change_resource",
                    "resource": "create_automaton:stress_stress-meter",
                    "change": 120
                }
            ]
        },
        "cooldown": 1,
        "hud_render": {
            "should_render": false
        },
        "key": {
            "key": "key.origins.secondary_active"
        },
        "condition": {
            "type": "origins:and",
            "conditions": [
                {
                    "type": "origins:resource",
                    "resource": "create_automaton:copper/tank/intake_water-resource",
                    "comparison": ">=",
                    "compare_to": 1000
                },
                {
                    "type": "origins:equipped_item",
                    "equipment_slot": "mainhand",
                    "item_condition": {
                        "type": "origins:ingredient",
                        "ingredient": {
                            "item": "minecraft:bucket"
                        }
                    }
                }
            ]
        }
    },
    "pour-water-bottle": {
        "type": "origins:active_self",
        "entity_action": {
            "type": "origins:and",
            "actions": [
                {
                    "type": "origins:change_resource",
                    "resource": "create_automaton:copper/tank/intake_water-resource",
                    "change": -250
                },
                {
                    "type": "origins:equipped_item_action",
                    "equipment_slot": "mainhand",
                    "action": {
                        "type": "origins:consume",
                        "amount": 1
                    }
                },
                {
                    "type": "origins:give",
                    "stack": {
                        "item": "minecraft:potion",
                        "tag": "{Potion:\"minecraft:water\"}",
                        "amount": 1
                    }
                },
                {
                    "type": "origins:change_resource",
                    "resource": "create_automaton:stress_stress-meter",
                    "change": 30
                }
            ]
        },
        "cooldown": 1,
        "hud_render": {
            "should_render": false
        },
        "key": {
            "key": "key.origins.secondary_active"
        },
        "condition": {
            "type": "origins:and",
            "conditions": [
                {
                    "type": "origins:resource",
                    "resource": "create_automaton:copper/tank/intake_water-resource",
                    "comparison": ">=",
                    "compare_to": 250
                },
                {
                    "type": "origins:equipped_item",
                    "equipment_slot": "mainhand",
                    "item_condition": {
                        "type": "origins:ingredient",
                        "ingredient": {
                            "item": "minecraft:glass_bottle"
                        }
                    }
                }
            ]
        }
    },

    "pour-lava": {
        "type": "origins:active_self",
        "entity_action": {
            "type": "origins:and",
            "actions": [
                {
                    "type": "origins:change_resource",
                    "resource": "create_automaton:copper/tank/intake_lava-resource",
                    "change": -1000
                },
                {
                    "type": "origins:equipped_item_action",
                    "equipment_slot": "mainhand",
                    "action": {
                        "type": "origins:consume",
                        "amount": 1
                    }
                },
                {
                    "type": "origins:give",
                    "stack": {
                        "item": "minecraft:lava_bucket",
                        "amount": 1
                    }
                },
                {
                    "type": "origins:change_resource",
                    "resource": "create_automaton:stress_stress-meter",
                    "change": 120
                }
            ]
        },
        "cooldown": 1,
        "hud_render": {
            "should_render": false
        },
        "key": {
            "key": "key.loadToolbarActivator"
        },
        "condition": {
            "type": "origins:and",
            "conditions": [
                {
                    "type": "origins:resource",
                    "resource": "create_automaton:copper/tank/intake_lava-resource",
                    "comparison": ">=",
                    "compare_to": 1000
                },
                {
                    "type": "origins:equipped_item",
                    "equipment_slot": "mainhand",
                    "item_condition": {
                        "type": "origins:ingredient",
                        "ingredient": {
                            "item": "minecraft:bucket"
                        }
                    }
                }
            ]
        }
    }
}