{
    "name": "Crafting Table",
    "description": "You have access to a built-in crafting table anytime, anywhere!",
    "badges": [
        {
            "type": "origins:tooltip",
            "sprite": "origins:textures/gui/badge/star.png",
            "text": "Uses 80 stress"
        },
        {
            "type": "origins:keybind",
            "sprite": "origins:textures/gui/badge/active.png",
            "text": "Open the crafting menu using %s"
        }
    ],
    "type": "origins:active_self",
    "entity_action": {
        "type": "origins:and",
        "actions": [
            {
                "type": "origins:crafting_table"
            },
            {
                "type": "origins:change_resource",
                "resource": "create_automaton:stress_stress-meter",
                "change": 80
            }
        ]
    },
    "cooldown": 1,
    "key": {
        "key": "key.saveToolbarActivator"
    },
    "condition": {
        "type": "origins:resource",
        "resource": "create_automaton:stress_overstress-toggle",
        "comparison": "==",
        "compare_to": 0
    }
}