{
    "name": "Wake up Call",
    "description": "Wake up and let out some steam! You attack faster, stronger, and harder!",
    "badges": [
        {
            "type": "origins:tooltip",
            "sprite": "origins:textures/gui/badge/star.png",
            "text": "Uses 250 stress"
        },
        {
            "type": "origins:keybind",
            "sprite": "origins:textures/gui/badge/active.png",
            "text": "Let out steam using %s"
        }
    ],
    "type": "origins:multiple",

    "state": {
        "type": "origins:resource",
        "min": 0,
        "max": 2,
        "start_value": 0,
        "hud_render": {
            "should_render": false
        }
    },

    "active-timer": {
        "type": "origins:resource",
        "min": 0,
        "max": 300,
        "start_value": 0,
        "hud_render": {
            "sprite_location": "create_automaton:textures/gui/stress_bars.png",
            "bar_index": 4,
            "condition": {
                "type": "origins:resource",
                "resource": "create_automaton:*_state",
                "comparison": "==",
                "compare_to": 1
            }
        },
        "max_action": {
            "type": "origins:change_resource",
            "resource": "create_automaton:*_state",
            "change": 2,
            "operation": "set"
        }
    },
    "increase-active-timer": {
        "type": "origins:action_over_time",
        "entity_action": {
            "type": "origins:change_resource",
            "resource": "create_automaton:*_active-timer",
            "change": 1
        },
        "interval": 1,
        "condition": {
            "type": "origins:resource",
            "resource": "create_automaton:*_state",
            "comparison": "==",
            "compare_to": 1
        }
    },

    "cooldown-timer": {
        "type": "origins:resource",
        "min": 0,
        "max": 900,
        "start_value": 99999,
        "hud_render": {
            "sprite_location": "create_automaton:textures/gui/stress_bars.png",
            "bar_index": 5,
            "condition": {
                "type": "origins:resource",
                "resource": "create_automaton:*_state",
                "comparison": "==",
                "compare_to": 2
            }
        },
        "min_action": {
            "type": "origins:and",
            "actions": [
                {
                    "type": "origins:change_resource",
                    "resource": "create_automaton:*_state",
                    "change": 0,
                    "operation": "set"
                },
                {
                    "type": "origins:change_resource",
                    "resource": "create_automaton:*_active-timer",
                    "change": 0,
                    "operation": "set"
                },
                {
                    "type": "origins:change_resource",
                    "resource": "create_automaton:*_cooldown-timer",
                    "change": 99999,
                    "operation": "set"
                }
            ]
        }
    },
    "decrease_cooldown": {
        "type": "origins:action_over_time",
        "entity_action": {
            "type": "origins:change_resource",
            "resource": "create_automaton:*_cooldown-timer",
            "change": -1
        },
        "interval": 1,
        "condition": {
            "type": "origins:resource",
            "resource": "create_automaton:*_state",
            "comparison": "==",
            "compare_to": 2
        }
    },

    "activate": {
        "type": "origins:active_self",
        "entity_action": {
            "type": "origins:and",
            "actions": [
                {
                    "type": "origins:change_resource",
                    "resource": "create_automaton:stress_stress-meter",
                    "change": 250
                },
                {
                    "type": "origins:play_sound",
                    "sound": "create:whistle",
                    "volume": 2,
                    "pitch": 0.8
                },
                {
                    "type": "origins:change_resource",
                    "resource": "create_automaton:*_state",
                    "change": 1,
                    "operation": "set"
                }
            ]
        },
        "cooldown": 1,
        "hud_render": {
            "should_render": false
        },
        "key": {
            "key": "key.origins.secondary_active"
        },
        "condition": {
            "type": "origins:and",
            "conditions": [
                {
                    "type": "origins:resource",
                    "resource": "create_automaton:stress_overstress-toggle",
                    "comparison": "==",
                    "compare_to": 0
                },
                {
                    "type": "origins:resource",
                    "resource": "create_automaton:*_state",
                    "comparison": "==",
                    "compare_to": 0
                }
            ]
        }
    },

    "damage": {
        "type": "origins:conditioned_attribute",
        "modifier": {
            "attribute": "minecraft:generic.attack_damage",
            "operation": "multiply_total",
            "value": 0.25
        },
        "tick_rate": 1,
        "condition": {
            "type": "origins:resource",
            "resource": "create_automaton:*_state",
            "comparison": "==",
            "compare_to": 1
        }
    },
    "attack-speed": {
        "type": "origins:conditioned_attribute",
        "modifier": {
            "attribute": "minecraft:generic.attack_speed",
            "operation": "multiply_total",
            "value": 1
        },
        "tick_rate": 1,
        "condition": {
            "type": "origins:resource",
            "resource": "create_automaton:*_state",
            "comparison": "==",
            "compare_to": 1
        }
    },
    "attack-knockback": {
        "type": "origins:conditioned_attribute",
        "modifier": {
            "attribute": "minecraft:generic.attack_knockback",
            "operation": "multiply_total",
            "value": 0.5
        },
        "tick_rate": 1,
        "condition": {
            "type": "origins:resource",
            "resource": "create_automaton:*_state",
            "comparison": "==",
            "compare_to": 1
        }
    }
}