{
    "name": "De-Stress",
    "description": "Manually de-stress yourself instead of just waiting.",
    "badges": [
        {
            "type": "origins:tooltip",
            "sprite": "origins:textures/gui/badge/star.png",
            "text": "De-stresses 7 stress/0.5 seconds"
        },
        {
            "type": "origins:keybind",
            "sprite": "origins:textures/gui/badge/active.png",
            "text": "De-stress by pressing %s"
        }
    ],
    "type": "origins:active_self",
    "entity_action": {
        "type": "origins:and",
        "actions": [
            {
                "type": "origins:change_resource",
                "resource": "create_automaton:stress_stress-meter",
                "change": -7
            },
            {
                "type": "origins:play_sound",
                "sound": "create:cranking",
                "volume": 0.2
            }
        ]
    },
    "cooldown": 10,
    "key": {
        "key": "key.origins.primary_active",
        "continuous": true
    },
    "condition": {
        "type": "origins:and",
        "conditions": [
            {
                "type": "origins:resource",
                "resource": "create_automaton:stress_overstress-toggle",
                "comparison": "==",
                "compare_to": 0
            },
            {
                "type": "origins:resource",
                "resource": "create_automaton:stress_stress-meter",
                "comparison": ">",
                "compare_to": 0
            }
        ]
    }
}