{
    "name": "Ejection",
    "description": "Launch yourself in the direction you are facing with surprising force.",
    "badges": [
        {
            "type": "origins:tooltip",
            "sprite": "origins:textures/gui/badge/star.png",
            "text": "Uses 200 stress"
        },
        {
            "type": "origins:keybind",
            "sprite": "origins:textures/gui/badge/active.png",
            "text": "Launch in the air using %s"
        }
    ],
    "type": "origins:active_self",
    "entity_action": {
        "type": "origins:and",
        "actions": [
            {
                "type": "origins:add_velocity",
                "space": "local",
                "z": 3.5,
                "client": false
            },
            {
                "type": "origins:change_resource",
                "resource": "create_automaton:stress_stress-meter",
                "change": 200
            }
        ]
    },
    "hud_render": {
        "sprite_location": "create_automaton:textures/gui/stress_bars.png",
        "bar_index": 6
    },
    "cooldown": 300,
    "condition": {
        "type": "origins:resource",
        "resource": "create_automaton:stress_overstress-toggle",
        "comparison": "==",
        "compare_to": 0
    }
}