{
    "name": "Soft and Vulnerable",
    "description": "As a plushie, you take 50% more damage from sharp objects like projectiles, and swords.",
    "type": "origins:modify_damage_taken",
    "damage_condition": {
        "type": "origins:or",
        "conditions": [
            {
                "type": "origins:name",
                "name": "cactus"
            },
            {
                "type": "origins:name",
                "name": "sweet_berry_bush"
            },
            {
                "type": "origins:name",
                "name": "thorns"
            },
            {
                "type": "origins:name",
                "name": "arrow"
            },
            {
                "type": "origins:name",
                "name": "trident"
            },
            {
                "type": "origins:attacker",
                "entity_condition": {
                    "type": "origins:equipped_item",
                    "equipment_slot": "mainhand",
                    "item_condition": {
                        "type": "origins:ingredient",
                        "ingredient": {
                            "tag": "minecraft:swords"
                        }
                    }
                }
            }
        ]
    },
    "modifier": {
        "operation": "multiply_total",
        "value": 0.5
    }
}