{
    "name": "Fan Boost",
    "description": "Boost yourself into the air",
    "badges": [
        {
            "type": "origins:tooltip",
            "sprite": "origins:textures/gui/badge/star.png",
            "text": "Uses 5 stress/tick"
        },
        {
            "type": "origins:keybind",
            "sprite": "origins:textures/gui/badge/active.png",
            "text": "Hover and fly using %s"
        }
    ],

    "condition": {
        "type": "origins:resource",
        "resource": "create_automaton:stress_overstress-toggle",
        "comparison": "==",
        "compare_to": 0
    },
    "type": "origins:active_self",
    "entity_action": {
        "type": "origins:and",
        "actions": [
            {
                "type": "origins:change_resource",
                "resource": "create_automaton:stress_stress-meter",
                "change": 5
            },
            {
                "type": "origins:add_velocity",
                "z": 0.01,
                "space": "local",
                "client": true,
                "server": true
            },
            {
                "type": "origins:apply_effect",
                "effect": {
                    "effect": "slow_falling",
                    "duration": 15,
                    "amplifier": 0,
                    "show_particles": false,
                    "show_icon": false
                }
            },
            {
                "type": "origins:spawn_particles",
                "particle": "campfire_cosy_smoke",
                "count": 5,
                "speed": 1,
                "offset_y": 0
            },
            {
                "type": "origins:add_velocity",
                "y": 0.1,
                "space": "world",
                "client": true,
                "server": true
            }
        ]
    },
    "cooldown": 1,
    "key": {
        "key": "key.origins.primary_active",
        "continuous": true
    }
}