{
    "name": "Extended Reach",
    "description": "Your arm allows you to reach much farther than any regular human could.",
    "badges": [
        {
            "type": "origins:tooltip",
            "sprite": "origins:textures/gui/badge/star.png",
            "text": "Constant 200 stress used"
        }
    ],
    "type": "origins:multiple",

    "stress": {
        "type": "origins:action_on_callback",
        "entity_action_gained": {
            "type": "origins:execute_command",
            "command": "tag @s add hasReach"
        },
        "entity_action_lost": {
            "type": "origins:execute_command",
            "command": "tag @s remove hasReach"
        },
        "execute_chosen_when_orb": true
    },

    "reach": {
        "type": "origins:action_on_callback",
        "entity_action_chosen": {
            "type": "origins:execute_command",
            "command": "function create_automaton:reach"
        },
        "entity_action_lost": {
            "type": "origins:execute_command",
            "command": "scale reset @s"
        },
        "execute_chosen_when_orb": true
    },

    "reach-2": {
        "type": "origins:action_over_time",
        "entity_action": {
            "type": "origins:if_else",
            "condition": {
                "type": "origins:resource",
                "resource": "create_automaton:stress_overstress-toggle",
                "comparison": "==",
                "compare_to": 0
            },
            "if_action": {
                "type": "origins:execute_command",
                "command": "function create_automaton:reach"
            },
            "else_action": {
                "type": "origins:execute_command",
                "command": "scale reset @s"
            }
        },
        "interval": 1
    }
}