{
	"name": "Earthquake",
	"description": "You can cause the ground around you to rumble, causing mobs to be stunned and slightly damaged (30s Cooldown).",

	"type": "origins:active_self",
	"entity_action": {
		"type": "origins:and",
		"actions": [
			{
				"type": "origins:area_of_effect",
				"radius": 7,
				"bientity_action": {
					"type": "origins:and",
					"actions": [
						{
							"type": "origins:damage",
							"amount": 3,
							"source": {
								"name": "magic",
								"bypasses_armor": true,
								"magic": true
							}
						},
                        {
                            "type": "origins:target_action",
                            "action": {
                                "type": "origins:and",
                                "actions": [
                                    {
                                        "type": "origins:apply_effect",
                                        "effect": {
                                            "effect": "minecraft:slowness",
                                            "amplifier": 100,
                                            "duration": 250,
                                            "is_ambient": true,
                                            "show_particles": false,
                                            "show_icon": true
                                        }
                                    },
                                    {
                                        "type": "origins:execute_command",
                                        "command": "data modify entity @s NoAI set value 1"
                                    },
                                    {
                                        "type": "origins:delay",
                                        "ticks": 250,
                                        "action": {
                                            "type": "origins:execute_command",
                                            "command": "data modify entity @s NoAI set value 0"
                                        }
                                    },
                                    {
                                        "type": "origins:execute_command",
                                        "command": "particle minecraft:end_rod ~ ~1 ~ 0.5 1 0.5 0.01 5"
                                    },
                                    {
                                        "type": "origins:execute_command",
                                        "command": "particle minecraft:cloud ~ ~1 ~ 0.5 1 0.5 0.01 5"
                                    }
                                ]
                            }
                        }
					]
				}
			},
			{
				"type": "origins:execute_command",
				"command": "playsound minecraft:entity.player.hurt_freeze voice @s ~ ~ ~ 0.6 0.9"
			},
			{
				"type": "origins:execute_command",
				"command": "playsound minecraft:entity.wither.break_block voice @s ~ ~ ~ 0.2 2"
			},
			{
				"type": "origins:execute_command",
				"command": "playsound minecraft:entity.wither.break_block voice @s ~ ~ ~ 0.2 1"
			},
			{
				"type": "origins:execute_command",
				"command": "playsound minecraft:entity.wither.break_block voice @s ~ ~ ~ 0.1 0"
			},
			{
				"type": "origins:execute_command",
				"command": "particle minecraft:cloud ~ ~ ~ 2 0.25 2 0.01 25"
			},
			{
				"type": "origins:execute_command",
				"command": "particle minecraft:ash ~ ~ ~ 3 1 3 0.01 2500"
			}
		]
	},
	"cooldown": 600,
	"hud_render": {
		"sprite_location": "origins:textures/gui/community/spiderkolo/resource_bar_03.png",
		"bar_index": 22
	},
	"key": "key.origins.secondary_active"
}
