{
	"name": "Thin Leaves",
	"description": "Your body has lost mass and muscle. You have 3 less hearts and Weakness I.",

	"type": "origins:multiple",
	"perma_weakness": {
		"type": "origins:stacking_status_effect",
		"min_stacks": -3,
		"max_stacks": 1,
		"duration_per_stack": 100,
		"tick_rate": 20,
		"effect": {
			"effect": "minecraft:weakness",
			"is_ambient": true,
			"show_particles": false,
			"show_icon": false
		}
	},
	"less_hearts": {
		"type": "origins:attribute",
		"modifier": {
			"attribute": "minecraft:generic.max_health",
			"value": -6.0,
			"operation": "addition"
		}
	}
}
