{
	"name": "Private Garden",
	"description": "You have your own pocket dimension made for no organic creature but your beloved flowers (15s Cooldown).",

	"type": "origins:active_self",
	"entity_action": {
		"type": "origins:and",
		"actions": [
			{
				"type": "origins:if_else",
				"condition": {
					"type": "origins:dimension",
					"dimension": "thebotanist:garden"
				},
				"if_action": {
					"type": "origins:execute_command",
					"command": "execute in minecraft:overworld run tp @s ~ 384 ~",
					"permission_level": 4
				},
				"else_action": {
					"type": "origins:execute_command",
					"command": "execute in thebotanist:garden run tp @s ~ 384 ~",
					"permission_level": 4
				}
			},
			{
				"type": "origins:execute_command",
				"command": "spreadplayers ~ ~ 1 1 under 384 false @s",
				"permission_level": 4
			},
			{
				"type": "origins:execute_command",
				"command": "playsound minecraft:block.beacon.activate voice @s ~ ~ ~ .75 2",
				"permission_level": 4
			},
			{
				"type": "origins:execute_command",
				"command": "effect give @s blindness 1 255 true",
				"permission_level": 4
			},
			{
				"type": "origins:execute_command",
				"command": "effect give @s minecraft:resistance 2 4 true",
				"permission_level": 4
			},
			{
				"type": "origins:execute_command",
				"command": "effect give @s minecraft:slow_falling 2 4 true",
				"permission_level": 4
			}
		]
	},
	"key": {
		"key": "key.origins.primary_active",
		"continuous": false
	},
	"cooldown": 300,
	"hud_render": {
		"should_render": true,
		"sprite_location": "origins:textures/gui/community/spiderkolo/resource_bar_03.png",
		"bar_index": 10
	}
}
