{
	"name": "Heavy Equipment",
	"description": "Shields and armor are much too heavy to use. You are limited to leather armor.",

	"type": "origins:multiple",
	"only_leather": {
		"type": "origins:restrict_armor",
		"head": {
			"type": "origins:ingredient",
			"ingredient": {
				"item": "minecraft:leather_helmet"
			},
			"inverted": true
		},
		"chest": {
			"type": "origins:ingredient",
			"ingredient": {
				"item": "minecraft:leather_chestplate"
			},
			"inverted": true
		},
		"legs": {
			"type": "origins:ingredient",
			"ingredient": {
				"item": "minecraft:leather_leggings"
			},
			"inverted": true
		},
		"feet": {
			"type": "origins:ingredient",
			"ingredient": {
				"item": "minecraft:leather_boots"
			},
			"inverted": true
		}
	},
	"no_shield": {
        "name": "Heavy Shield",
		"type": "origins:prevent_item_use",
		"item_condition": {
			"type": "origins:ingredient",
			"ingredient": {
				"tag": "origins:shields"
			}
		}
	}
}
