{
	"name": "Vegetarian",
	"description": "Your system evolved long past eating meat and cannot consume it.",

	"type": "origins:prevent_item_use",
	"item_condition": {
		"type": "origins:and",
		"conditions": [
			{
				"type": "origins:ingredient",
				"ingredient": {
					"tag": "origins:ignore_diet"
				},
				"inverted": true
			},
			{
				"type": "origins:ingredient",
				"ingredient": {
					"tag": "origins:meat"
				}
			},
			{
				"type": "origins:food"
			}
		]
	}
}
