{
    "name": "Heavy Machinery",
    "description": "You are a heavy and bulky machine, movement isn't really your thing. Luckily you can step higher.",
    "type": "origins:multiple",

    "no-jump": {
        "type": "origins:modify_jump",
        "modifier": {
            "operation": "set_total",
            "value": 0
        }
    },

    "step-height": {
        "type": "apugli:step_height",
        "lower_height": 1.0
    },

    "slow": {
        "type": "origins:attribute",
        "modifier": {
            "attribute": "minecraft:generic.movement_speed",
            "value": -0.3,
            "operation": "multiply_total"
        }
    },

    "fov": {
        "type": "apugli:modify_fov",
        "modifier": {
            "operation": "multiply_base_multiplicative",
            "value": 0.176
        }
    }
}