{
    "name": "Self Repair",
    "description": "Stand still for a few seconds to activate your internal repair system. The speed of your repair is based off how much fuel you have.",
    "type": "origins:multiple",

    "counter": {
        "type": "origins:resource",
        "min": 0,
        "max": 5,
        "start_value": 0,
        "hud_render": {
            "should_render": false
        }
    },

    "counter-reset": {
        "type": "origins:action_over_time",
        "entity_action": {
            "type": "origins:change_resource",
            "resource": "create_automaton:self-repair_counter",
            "operation": "set",
            "change": 0
        },
        "interval": 1,
        "condition": {
            "type": "origins:or",
            "conditions": [
                {
                    "type": "origins:moving"
                },
                {
                    "type": "origins:relative_health",
                    "comparison": "==",
                    "compare_to": 1
                }
            ]
        }
    },

    "counter-increase": {
        "type": "origins:action_over_time",
        "entity_action": {
            "type": "origins:change_resource",
            "resource": "create_automaton:self-repair_counter",
            "change": 1
        },
        "interval": 20,
        "condition": {
            "type": "origins:and",
            "conditions": [
                {
                    "type": "origins:moving",
                    "inverted": true
                },
                {
                    "type": "origins:relative_health",
                    "comparison": "!=",
                    "compare_to": 1
                }
            ]
        }
    },

    "particles": {
        "type": "origins:action_over_time",
        "entity_action": {
            "type": "origins:execute_command",
            "command": "function create_automaton:repair-circle"
        },
        "interval": 2,
        "condition": {
            "type": "origins:and",
            "conditions": [
                {
                    "type": "origins:food_level",
                    "comparison": ">=",
                    "compare_to": 2
                },
                {
                    "type": "origins:resource",
                    "resource": "create_automaton:self-repair_counter",
                    "comparison": "==",
                    "compare_to": 5
                }
            ]
        }
    },

    "heal-20": {
        "type": "origins:action_over_time",
        "entity_action": {
            "type": "origins:heal",
            "amount": 1
        },
        "interval": 10,
        "condition": {
            "type": "origins:and",
            "conditions": [
                {
                    "type": "origins:food_level",
                    "comparison": "==",
                    "compare_to": 20
                },
                {
                    "type": "origins:resource",
                    "resource": "create_automaton:self-repair_counter",
                    "comparison": "==",
                    "compare_to": 5
                }
            ]
        }
    },
    "heal-19": {
        "type": "origins:action_over_time",
        "entity_action": {
            "type": "origins:heal",
            "amount": 1
        },
        "interval": 12,
        "condition": {
            "type": "origins:and",
            "conditions": [
                {
                    "type": "origins:food_level",
                    "comparison": "==",
                    "compare_to": 19
                },
                {
                    "type": "origins:resource",
                    "resource": "create_automaton:self-repair_counter",
                    "comparison": "==",
                    "compare_to": 5
                }
            ]
        }
    },
    "heal-18": {
        "type": "origins:action_over_time",
        "entity_action": {
            "type": "origins:heal",
            "amount": 1
        },
        "interval": 14,
        "condition": {
            "type": "origins:and",
            "conditions": [
                {
                    "type": "origins:food_level",
                    "comparison": "==",
                    "compare_to": 18
                },
                {
                    "type": "origins:resource",
                    "resource": "create_automaton:self-repair_counter",
                    "comparison": "==",
                    "compare_to": 5
                }
            ]
        }
    },
    "heal-17": {
        "type": "origins:action_over_time",
        "entity_action": {
            "type": "origins:heal",
            "amount": 1
        },
        "interval": 16,
        "condition": {
            "type": "origins:and",
            "conditions": [
                {
                    "type": "origins:food_level",
                    "comparison": "==",
                    "compare_to": 17
                },
                {
                    "type": "origins:resource",
                    "resource": "create_automaton:self-repair_counter",
                    "comparison": "==",
                    "compare_to": 5
                }
            ]
        }
    },
    "heal-16": {
        "type": "origins:action_over_time",
        "entity_action": {
            "type": "origins:heal",
            "amount": 1
        },
        "interval": 18,
        "condition": {
            "type": "origins:and",
            "conditions": [
                {
                    "type": "origins:food_level",
                    "comparison": "==",
                    "compare_to": 16
                },
                {
                    "type": "origins:resource",
                    "resource": "create_automaton:self-repair_counter",
                    "comparison": "==",
                    "compare_to": 5
                }
            ]
        }
    },
    "heal-15": {
        "type": "origins:action_over_time",
        "entity_action": {
            "type": "origins:heal",
            "amount": 1
        },
        "interval": 20,
        "condition": {
            "type": "origins:and",
            "conditions": [
                {
                    "type": "origins:food_level",
                    "comparison": "==",
                    "compare_to": 15
                },
                {
                    "type": "origins:resource",
                    "resource": "create_automaton:self-repair_counter",
                    "comparison": "==",
                    "compare_to": 5
                }
            ]
        }
    },
    "heal-14": {
        "type": "origins:action_over_time",
        "entity_action": {
            "type": "origins:heal",
            "amount": 1
        },
        "interval": 24,
        "condition": {
            "type": "origins:and",
            "conditions": [
                {
                    "type": "origins:food_level",
                    "comparison": "==",
                    "compare_to": 14
                },
                {
                    "type": "origins:resource",
                    "resource": "create_automaton:self-repair_counter",
                    "comparison": "==",
                    "compare_to": 5
                }
            ]
        }
    },
    "heal-13": {
        "type": "origins:action_over_time",
        "entity_action": {
            "type": "origins:heal",
            "amount": 1
        },
        "interval": 28,
        "condition": {
            "type": "origins:and",
            "conditions": [
                {
                    "type": "origins:food_level",
                    "comparison": "==",
                    "compare_to": 13
                },
                {
                    "type": "origins:resource",
                    "resource": "create_automaton:self-repair_counter",
                    "comparison": "==",
                    "compare_to": 5
                }
            ]
        }
    },
    "heal-12": {
        "type": "origins:action_over_time",
        "entity_action": {
            "type": "origins:heal",
            "amount": 1
        },
        "interval": 32,
        "condition": {
            "type": "origins:and",
            "conditions": [
                {
                    "type": "origins:food_level",
                    "comparison": "==",
                    "compare_to": 12
                },
                {
                    "type": "origins:resource",
                    "resource": "create_automaton:self-repair_counter",
                    "comparison": "==",
                    "compare_to": 5
                }
            ]
        }
    },
    "heal-11": {
        "type": "origins:action_over_time",
        "entity_action": {
            "type": "origins:heal",
            "amount": 1
        },
        "interval": 36,
        "condition": {
            "type": "origins:and",
            "conditions": [
                {
                    "type": "origins:food_level",
                    "comparison": "==",
                    "compare_to": 11
                },
                {
                    "type": "origins:resource",
                    "resource": "create_automaton:self-repair_counter",
                    "comparison": "==",
                    "compare_to": 5
                }
            ]
        }
    },
    "heal-10": {
        "type": "origins:action_over_time",
        "entity_action": {
            "type": "origins:heal",
            "amount": 1
        },
        "interval": 40,
        "condition": {
            "type": "origins:and",
            "conditions": [
                {
                    "type": "origins:food_level",
                    "comparison": "==",
                    "compare_to": 10
                },
                {
                    "type": "origins:resource",
                    "resource": "create_automaton:self-repair_counter",
                    "comparison": "==",
                    "compare_to": 5
                }
            ]
        }
    },
    "heal-9": {
        "type": "origins:action_over_time",
        "entity_action": {
            "type": "origins:heal",
            "amount": 1
        },
        "interval": 46,
        "condition": {
            "type": "origins:and",
            "conditions": [
                {
                    "type": "origins:food_level",
                    "comparison": "==",
                    "compare_to": 9
                },
                {
                    "type": "origins:resource",
                    "resource": "create_automaton:self-repair_counter",
                    "comparison": "==",
                    "compare_to": 5
                }
            ]
        }
    },
    "heal-8": {
        "type": "origins:action_over_time",
        "entity_action": {
            "type": "origins:heal",
            "amount": 1
        },
        "interval": 52,
        "condition": {
            "type": "origins:and",
            "conditions": [
                {
                    "type": "origins:food_level",
                    "comparison": "==",
                    "compare_to": 8
                },
                {
                    "type": "origins:resource",
                    "resource": "create_automaton:self-repair_counter",
                    "comparison": "==",
                    "compare_to": 5
                }
            ]
        }
    },
    "heal-7": {
        "type": "origins:action_over_time",
        "entity_action": {
            "type": "origins:heal",
            "amount": 1
        },
        "interval": 60,
        "condition": {
            "type": "origins:and",
            "conditions": [
                {
                    "type": "origins:food_level",
                    "comparison": "==",
                    "compare_to": 7
                },
                {
                    "type": "origins:resource",
                    "resource": "create_automaton:self-repair_counter",
                    "comparison": "==",
                    "compare_to": 5
                }
            ]
        }
    },
    "heal-6": {
        "type": "origins:action_over_time",
        "entity_action": {
            "type": "origins:heal",
            "amount": 1
        },
        "interval": 70,
        "condition": {
            "type": "origins:and",
            "conditions": [
                {
                    "type": "origins:food_level",
                    "comparison": "==",
                    "compare_to": 6
                },
                {
                    "type": "origins:resource",
                    "resource": "create_automaton:self-repair_counter",
                    "comparison": "==",
                    "compare_to": 5
                }
            ]
        }
    },
    "heal-5": {
        "type": "origins:action_over_time",
        "entity_action": {
            "type": "origins:heal",
            "amount": 1
        },
        "interval": 80,
        "condition": {
            "type": "origins:and",
            "conditions": [
                {
                    "type": "origins:food_level",
                    "comparison": "==",
                    "compare_to": 5
                },
                {
                    "type": "origins:resource",
                    "resource": "create_automaton:self-repair_counter",
                    "comparison": "==",
                    "compare_to": 5
                }
            ]
        }
    },
    "heal-4": {
        "type": "origins:action_over_time",
        "entity_action": {
            "type": "origins:heal",
            "amount": 1
        },
        "interval": 90,
        "condition": {
            "type": "origins:and",
            "conditions": [
                {
                    "type": "origins:food_level",
                    "comparison": "==",
                    "compare_to": 4
                },
                {
                    "type": "origins:resource",
                    "resource": "create_automaton:self-repair_counter",
                    "comparison": "==",
                    "compare_to": 5
                }
            ]
        }
    },
    "heal-3": {
        "type": "origins:action_over_time",
        "entity_action": {
            "type": "origins:heal",
            "amount": 1
        },
        "interval": 96,
        "condition": {
            "type": "origins:and",
            "conditions": [
                {
                    "type": "origins:food_level",
                    "comparison": "==",
                    "compare_to": 3
                },
                {
                    "type": "origins:resource",
                    "resource": "create_automaton:self-repair_counter",
                    "comparison": "==",
                    "compare_to": 5
                }
            ]
        }
    },
    "heal-2": {
        "type": "origins:action_over_time",
        "entity_action": {
            "type": "origins:heal",
            "amount": 1
        },
        "interval": 100,
        "condition": {
            "type": "origins:and",
            "conditions": [
                {
                    "type": "origins:food_level",
                    "comparison": "==",
                    "compare_to": 2
                },
                {
                    "type": "origins:resource",
                    "resource": "create_automaton:self-repair_counter",
                    "comparison": "==",
                    "compare_to": 5
                }
            ]
        }
    }
}