{
    "name": "Recoiled Bonk!",
    "description": "Charge your press and deal massive knockback!",
    "badges": [
        {
            "type": "origins:tooltip",
            "sprite": "origins:textures/gui/badge/star.png",
            "text": "Uses the amount of stress from the charge. Maximum of 300 stress can be used"
        },
        {
            "type": "origins:keybind",
            "sprite": "origins:textures/gui/badge/active.png",
            "text": "Charge your press using %s"
        }
    ],
    "type": "origins:multiple",

    "resource": {
        "type": "origins:resource",
        "min": 0,
        "max": 350,
        "hud_render": {
            "sprite_location": "create_automaton:textures/gui/stress_bars.png",
            "bar_index": 3
        }
    },

    "decrease": {
        "type": "origins:action_over_time",
        "rising_action": {
            "type": "origins:and",
            "actions": [
                {
                    "type": "origins:if_else_list",
                    "actions": [
                        {
                            "condition": {
                                "type": "origins:and",
                                "conditions": [
                                    {
                                        "type": "origins:resource",
                                        "resource": "create_automaton:andesite/press/press2_resource",
                                        "comparison": ">=",
                                        "compare_to": 50
                                    },
                                    {
                                        "type": "origins:resource",
                                        "resource": "create_automaton:andesite/press/press2_resource",
                                        "comparison": "<",
                                        "compare_to": 100
                                    }
                                ]
                            },
                            "action": {
                                "type": "origins:and",
                                "actions": [
                                    {
                                        "type": "origins:change_resource",
                                        "resource": "create_automaton:stress_stress-meter",
                                        "change": 50
                                    },
                                    {
                                        "type": "origins:area_of_effect",
                                        "radius": 4,
                                        "bientity_action": {
                                            "type": "origins:add_velocity",
                                            "z": 0.5
                                        }
                                    }
                                ]
                            }
                        },
                        {
                            "condition": {
                                "type": "origins:and",
                                "conditions": [
                                    {
                                        "type": "origins:resource",
                                        "resource": "create_automaton:andesite/press/press2_resource",
                                        "comparison": ">=",
                                        "compare_to": 100
                                    },
                                    {
                                        "type": "origins:resource",
                                        "resource": "create_automaton:andesite/press/press2_resource",
                                        "comparison": "<",
                                        "compare_to": 150
                                    }
                                ]
                            },
                            "action": {
                                "type": "origins:and",
                                "actions": [
                                    {
                                        "type": "origins:change_resource",
                                        "resource": "create_automaton:stress_stress-meter",
                                        "change": 100
                                    },
                                    {
                                        "type": "origins:area_of_effect",
                                        "radius": 4,
                                        "bientity_action": {
                                            "type": "origins:add_velocity",
                                            "z": 1
                                        }
                                    }
                                ]
                            }
                        },
                        {
                            "condition": {
                                "type": "origins:and",
                                "conditions": [
                                    {
                                        "type": "origins:resource",
                                        "resource": "create_automaton:andesite/press/press2_resource",
                                        "comparison": ">=",
                                        "compare_to": 150
                                    },
                                    {
                                        "type": "origins:resource",
                                        "resource": "create_automaton:andesite/press/press2_resource",
                                        "comparison": "<",
                                        "compare_to": 200
                                    }
                                ]
                            },
                            "action": {
                                "type": "origins:and",
                                "actions": [
                                    {
                                        "type": "origins:change_resource",
                                        "resource": "create_automaton:stress_stress-meter",
                                        "change": 150
                                    },
                                    {
                                        "type": "origins:area_of_effect",
                                        "radius": 4,
                                        "bientity_action": {
                                            "type": "origins:add_velocity",
                                            "z": 1.5
                                        }
                                    }
                                ]
                            }
                        },
                        {
                            "condition": {
                                "type": "origins:and",
                                "conditions": [
                                    {
                                        "type": "origins:resource",
                                        "resource": "create_automaton:andesite/press/press2_resource",
                                        "comparison": ">=",
                                        "compare_to": 200
                                    },
                                    {
                                        "type": "origins:resource",
                                        "resource": "create_automaton:andesite/press/press2_resource",
                                        "comparison": "<",
                                        "compare_to": 250
                                    }
                                ]
                            },
                            "action": {
                                "type": "origins:and",
                                "actions": [
                                    {
                                        "type": "origins:change_resource",
                                        "resource": "create_automaton:stress_stress-meter",
                                        "change": 200
                                    },
                                    {
                                        "type": "origins:area_of_effect",
                                        "radius": 4,
                                        "bientity_action": {
                                            "type": "origins:add_velocity",
                                            "z": 2
                                        }
                                    }
                                ]
                            }
                        },
                        {
                            "condition": {
                                "type": "origins:and",
                                "conditions": [
                                    {
                                        "type": "origins:resource",
                                        "resource": "create_automaton:andesite/press/press2_resource",
                                        "comparison": ">=",
                                        "compare_to": 250
                                    },
                                    {
                                        "type": "origins:resource",
                                        "resource": "create_automaton:andesite/press/press2_resource",
                                        "comparison": "<",
                                        "compare_to": 300
                                    }
                                ]
                            },
                            "action": {
                                "type": "origins:and",
                                "actions": [
                                    {
                                        "type": "origins:change_resource",
                                        "resource": "create_automaton:stress_stress-meter",
                                        "change": 250
                                    },
                                    {
                                        "type": "origins:area_of_effect",
                                        "radius": 4,
                                        "bientity_action": {
                                            "type": "origins:add_velocity",
                                            "z": 2.5
                                        }
                                    }
                                ]
                            }
                        },
                        {
                            "condition": {
                                "type": "origins:and",
                                "conditions": [
                                    {
                                        "type": "origins:resource",
                                        "resource": "create_automaton:andesite/press/press2_resource",
                                        "comparison": ">=",
                                        "compare_to": 300
                                    },
                                    {
                                        "type": "origins:resource",
                                        "resource": "create_automaton:andesite/press/press2_resource",
                                        "comparison": "<=",
                                        "compare_to": 350
                                    }
                                ]
                            },
                            "action": {
                                "type": "origins:and",
                                "actions": [
                                    {
                                        "type": "origins:change_resource",
                                        "resource": "create_automaton:stress_stress-meter",
                                        "change": 300
                                    },
                                    {
                                        "type": "origins:area_of_effect",
                                        "radius": 4,
                                        "bientity_action": {
                                            "type": "origins:add_velocity",
                                            "z": 3
                                        }
                                    }
                                ]
                            }
                        }
                    ]
                },
                {
                    "type": "origins:change_resource",
                    "resource": "create_automaton:andesite/press/press2_resource",
                    "operation": "set",
                    "change": 0
                },
                {
                    "type": "origins:play_sound",
                    "sound": "create:mechanical_press_activation",
                    "volume": 0.2
                }
            ]
        },
        "interval": 1,
        "condition": {
            "type": "apugli:key_pressed",
            "key": {
                "key": "key.origins.primary_active",
                "continuous": true
            },
            "inverted": true
        }
    },

    "increase": {
        "type": "origins:active_self",
        "entity_action": {
            "type": "origins:change_resource",
            "resource": "create_automaton:andesite/press/press2_resource",
            "change": 5
        },
        "cooldown": 3,
        "hud_render": {
            "should_render": false
        },
        "key": {
            "key": "key.origins.primary_active",
            "continuous": true
        }
    }
}