{
	"ambient_light": 0.1,
	"bed_works": false,
	"coordinate_scale": 1,
	"effects": "minecraft:overworld",
	"fixed_time": 2000,
	"has_ceiling": false,
	"has_raids": false,
	"has_skylight": true,
	"height": 64,
	"infiniburn": "#minecraft:infiniburn_overworld",
	"logical_height": 64,
	"min_y": 64,
	"monster_spawn_block_light_limit": 0,
	"monster_spawn_light_level": {
		"value": 0,
		"type": "minecraft:constant"
	},
	"natural": true,
	"piglin_safe": false,
	"respawn_anchor_works": false,
	"ultrawarm": false
}
