{
    "disable_mob_generation": true,
    "aquifers_enabled": false,
    "ore_veins_enabled": false,
    "legacy_random_source": false,
    "noise": {
      "min_y": 96,
      "height": 16,
      "size_horizontal": 1,
      "size_vertical": 1
    },
    "default_block": {
      "Name": "minecraft:dirt"
    },
    "default_fluid": {
      "Name": "minecraft:air"
    },
    "sea_level": 0,
    "noise_router": {
      "barrier": "minecraft:zero",
      "fluid_level_floodedness": "minecraft:zero",
      "fluid_level_spread": "minecraft:zero",
      "lava": "minecraft:zero",
      "temperature": "minecraft:zero",
      "vegetation": "minecraft:zero",
      "continents": "minecraft:zero",
      "erosion": "minecraft:zero",
      "depth": "minecraft:zero",
      "ridges": "minecraft:zero",
      "initial_density_without_jaggedness": 256,
      "final_density": {
        "type": "minecraft:add",
        "argument1": {
          "type": "minecraft:y_clamped_gradient",
          "from_y": 96,
          "to_y": 112,
          "from_value": 2,
          "to_value": -0.5
        },
        "argument2": {
          "type": "minecraft:noise",
          "noise": "minecraft:gravel",
          "xz_scale": 1,
          "y_scale": 0
        }
      },
      "vein_toggle": "minecraft:zero",
      "vein_ridged": "minecraft:zero",
      "vein_gap": "minecraft:zero"
    },
    "spawn_target": [],
    "surface_rule": {
      "type": "minecraft:sequence",
      "sequence": [
        {
          "type": "minecraft:condition",
          "if_true": {
            "type": "minecraft:vertical_gradient",
            "random_name": "minecraft:bedrock_floor",
            "true_at_and_below": {
              "absolute": 96
            },
            "false_at_and_above": {
              "absolute": 99
            }
          },
          "then_run": {
            "type": "minecraft:block",
            "result_state": {
              "Name": "minecraft:bedrock"
            }
          }
        },
        {
          "type": "minecraft:condition",
          "if_true": {
            "type": "minecraft:stone_depth",
            "offset": 0,
            "surface_type": "floor",
            "add_surface_depth": false,
            "secondary_depth_range": 1
          },
          "then_run": {
            "type": "minecraft:block",
            "result_state": {
              "Name": "minecraft:grass_block"
            }
          }
        }
      ]
    }
  }