{
    "name":"Astral ascent",
    "description":"Badeline rushes to the position you marked and launches you upward upon touching, just like in the old days.",
    "hidden":true,
    "type":"origins:multiple",
    "baddieindicate":{
        "type":"origins:action_over_time",
        "interval":1,
        "entity_action":{
            "type":"origins:and",
            "actions":[ 
                {
                    "type":"origins:if_else",
                    "condition":{
                        "type":"origins:sneaking"
                    },
                    "if_action":{
                        "type":"origins:raycast",
                        "fluid_handling":"none",
                        "entity":false,
                        "block":true,
                        "shape_type":"visual",
                        "distance":5,
                        "command_along_ray":"function madelinetheclimber:baddieraycast",
                        "block_action":{
                            "type":"origins:and",
                            "actions":[
                                {
                                    "type":"origins:execute_command",
                                    "command":"function madelinetheclimber:baddieraycast"
                                },
                                {
                                    "type":"origins:execute_command",
                                    "command":"execute as @e[tag=badelinetarget, sort=nearest,limit=1] at @s run tp @s ~ ~ ~ facing entity @p[tag=zbyszeqs_madeline,sort=nearest,limit=1]"
                                },
                                {
                                    "type":"origins:execute_command",
                                    "command":"execute as @e[tag=badelinetarget, sort=nearest,limit=1] at @s run tp @s ^ ^ ^1"
                                }
                            ]
                        }
                    },
                    "else_action":{
                        "type":"origins:raycast",
                        "fluid_handling":"none",
                        "entity":false,
                        "block":true,
                        "shape_type":"visual",
                        "distance":10,
                        "command_along_ray":"function madelinetheclimber:baddieraycast",
                        "block_action":{
                            "type":"origins:and",
                            "actions":[
                                {
                                    "type":"origins:execute_command",
                                    "command":"function madelinetheclimber:baddieraycast"
                                },
                                {
                                    "type":"origins:execute_command",
                                    "command":"execute as @e[tag=badelinetarget, sort=nearest,limit=1] at @s run tp @s ~ ~ ~ facing entity @p[tag=zbyszeqs_madeline,sort=nearest,limit=1]"
                                },
                                {
                                    "type":"origins:execute_command",
                                    "command":"execute as @e[tag=badelinetarget, sort=nearest,limit=1] at @s run tp @s ^ ^ ^1"
                                }
                            ]
                        }
                    }
                },
                {
                    "type":"origins:change_resource",
                    "resource":"madelinetheclimber:resources_badelinereachedtarget",
                    "operation":"set",
                    "change":0
                }
            ]
        },
        "condition":{
            "type":"origins:and",
            "conditions":[
                {
                    "type":"origins:resource",
                    "resource":"madelinetheclimber:resources_badelineindicated",
                    "comparison":">",
                    "compare_to":0
                },
                {
                    "type":"origins:resource",
                    "resource":"madelinetheclimber:resources_badelinecooldown",
                    "comparison":"==",
                    "compare_to":0
                },
                {
                    "type":"origins:resource",
                    "resource":"madelinetheclimber:resources_canbegrabbed",
                    "comparison":"==",
                    "compare_to":1
                }
            ]
        }
    },
    "fuckyouhellnah":{
        "type":"origins:active_self",
        "key":{
            "id":"key.origins.ternary_active"
        },
        "entity_action":{
            "type":"origins:choice",
            "actions":[
                {
                    "element":{
                        "type":"origins:and",
                        "actions":[
                            {
                                "type":"origins:execute_command",
                                "command":"title @s actionbar \"§dYou're really testing my patience, you know that?\""
                            },
                            {
                                "type":"origins:change_resource",
                                "resource":"madelinetheclimber:resources_badelinespeaking",
                                "operation":"set",
                                "change":2
                            },
                            {
                                "type":"origins:delay",
                                "ticks":35,
                                "action":{
                                    "type":"origins:change_resource",
                                    "resource":"madelinetheclimber:resources_badelinespeaking",
                                    "operation":"set",
                                    "change":0
                                }
                            }
                        ]
                    },
                    "weight":10
                },
                {
                    "element":{
                        "type":"origins:and",
                        "actions":[
                            {
                                "type":"origins:execute_command",
                                "command":"title @s actionbar \"§dDo I look like a trampoline to you?\""
                            },
                            {
                                "type":"origins:change_resource",
                                "resource":"madelinetheclimber:resources_badelinespeaking",
                                "operation":"set",
                                "change":6
                            },
                            {
                                "type":"origins:delay",
                                "ticks":25,
                                "action":{
                                    "type":"origins:change_resource",
                                    "resource":"madelinetheclimber:resources_badelinespeaking",
                                    "operation":"set",
                                    "change":0
                                }
                            }
                        ]
                    },
                    "weight":10
                },
                {
                    "element":{
                        "type":"origins:and",
                        "actions":[
                            {
                                "type":"origins:execute_command",
                                "command":"title @s actionbar \"§dThis is, without a doubt, THE worst plan you ever had.\""
                            },
                            {
                                "type":"origins:change_resource",
                                "resource":"madelinetheclimber:resources_badelinespeaking",
                                "operation":"set",
                                "change":7
                            },
                            {
                                "type":"origins:delay",
                                "ticks":40,
                                "action":{
                                    "type":"origins:change_resource",
                                    "resource":"madelinetheclimber:resources_badelinespeaking",
                                    "operation":"set",
                                    "change":0
                                }
                            }
                        ]
                    },
                    "weight":10
                },
                {
                    "element":{
                        "type":"origins:and",
                        "actions":[
                            {
                                "type":"origins:execute_command",
                                "command":"title @s actionbar \"§dYou REALLY can't function without me, can you?\""
                            },
                            {
                                "type":"origins:change_resource",
                                "resource":"madelinetheclimber:resources_badelinespeaking",
                                "operation":"set",
                                "change":5
                            },
                            {
                                "type":"origins:delay",
                                "ticks":30,
                                "action":{
                                    "type":"origins:change_resource",
                                    "resource":"madelinetheclimber:resources_badelinespeaking",
                                    "operation":"set",
                                    "change":0
                                }
                            }
                        ]
                    },
                    "weight":10
                },
                {
                    "element":{
                        "type":"origins:and",
                        "actions":[
                            {
                                "type":"origins:execute_command",
                                "command":"title @s actionbar \"§dI'd help, but... nah.\""
                            },
                            {
                                "type":"origins:change_resource",
                                "resource":"madelinetheclimber:resources_badelinespeaking",
                                "operation":"set",
                                "change":1
                            },
                            {
                                "type":"origins:delay",
                                "ticks":20,
                                "action":{
                                    "type":"origins:change_resource",
                                    "resource":"madelinetheclimber:resources_badelinespeaking",
                                    "operation":"set",
                                    "change":0
                                }
                            }
                        ]
                    },
                    "weight":10
                },
                {
                    "element":{
                        "type":"origins:and",
                        "actions":[
                            {
                                "type":"origins:execute_command",
                                "command":"title @s actionbar \"§dOh no... looks like you have to do something yourself.\""
                            },
                            {
                                "type":"origins:change_resource",
                                "resource":"madelinetheclimber:resources_badelinespeaking",
                                "operation":"set",
                                "change":5
                            },
                            {
                                "type":"origins:delay",
                                "ticks":40,
                                "action":{
                                    "type":"origins:change_resource",
                                    "resource":"madelinetheclimber:resources_badelinespeaking",
                                    "operation":"set",
                                    "change":0
                                }
                            }
                        ]
                    },
                    "weight":10
                },
                {
                    "element":{
                        "type":"origins:and",
                        "actions":[
                            {
                                "type":"origins:execute_command",
                                "command":"title @s actionbar \"§dNo. absolutely not. climb it yourself.\""
                            },
                            {
                                "type":"origins:change_resource",
                                "resource":"madelinetheclimber:resources_badelinespeaking",
                                "operation":"set",
                                "change":6
                            },
                            {
                                "type":"origins:delay",
                                "ticks":30,
                                "action":{
                                    "type":"origins:change_resource",
                                    "resource":"madelinetheclimber:resources_badelinespeaking",
                                    "operation":"set",
                                    "change":0
                                }
                            }
                        ]
                    },
                    "weight":10
                },
                {
                    "element":{
                        "type":"origins:and",
                        "actions":[
                            {
                                "type":"origins:execute_command",
                                "command":"title @s actionbar \"§dLook, I get that you want a shortcut, but come on!\""
                            },
                            {
                                "type":"origins:change_resource",
                                "resource":"madelinetheclimber:resources_badelinespeaking",
                                "operation":"set",
                                "change":3
                            },
                            {
                                "type":"origins:delay",
                                "ticks":40,
                                "action":{
                                    "type":"origins:change_resource",
                                    "resource":"madelinetheclimber:resources_badelinespeaking",
                                    "operation":"set",
                                    "change":0
                                }
                            }
                        ]
                    },
                    "weight":10
                },
                {
                    "element":{
                        "type":"origins:and",
                        "actions":[
                            {
                                "type":"origins:execute_command",
                                "command":"title @s actionbar \"§dThis is just embarrassing. For both of us.\""
                            },
                            {
                                "type":"origins:change_resource",
                                "resource":"madelinetheclimber:resources_badelinespeaking",
                                "operation":"set",
                                "change":7
                            },
                            {
                                "type":"origins:delay",
                                "ticks":35,
                                "action":{
                                    "type":"origins:change_resource",
                                    "resource":"madelinetheclimber:resources_badelinespeaking",
                                    "operation":"set",
                                    "change":0
                                }
                            }
                        ]
                    },
                    "weight":10
                },
                {
                    "element":{
                        "type":"origins:and",
                        "actions":[
                            {
                                "type":"origins:execute_command",
                                "command":"title @s actionbar \"§dCall me again, and I'll drop you next time!\""
                            },
                            {
                                "type":"origins:change_resource",
                                "resource":"madelinetheclimber:resources_badelinespeaking",
                                "operation":"set",
                                "change":10
                            },
                            {
                                "type":"origins:delay",
                                "ticks":35,
                                "action":{
                                    "type":"origins:change_resource",
                                    "resource":"madelinetheclimber:resources_badelinespeaking",
                                    "operation":"set",
                                    "change":0
                                }
                            }
                        ]
                    },
                    "weight":10
                },
                {
                    "element":{
                        "type":"origins:and",
                        "actions":[
                            {
                                "type":"origins:execute_command",
                                "command":"title @s actionbar \"§dJust once, I'd love to see you solve a problem WITHOUT me.\""
                            },
                            {
                                "type":"origins:change_resource",
                                "resource":"madelinetheclimber:resources_badelinespeaking",
                                "operation":"set",
                                "change":7
                            },
                            {
                                "type":"origins:delay",
                                "ticks":40,
                                "action":{
                                    "type":"origins:change_resource",
                                    "resource":"madelinetheclimber:resources_badelinespeaking",
                                    "operation":"set",
                                    "change":0
                                }
                            }
                        ]
                    },
                    "weight":10
                },
                {
                    "element":{
                        "type":"origins:and",
                        "actions":[
                            {
                                "type":"origins:execute_command",
                                "command":"title @s actionbar \"§dYou've made some bad choices before, but THIS is the next level.\""
                            },
                            {
                                "type":"origins:change_resource",
                                "resource":"madelinetheclimber:resources_badelinespeaking",
                                "operation":"set",
                                "change":4
                            },
                            {
                                "type":"origins:delay",
                                "ticks":40,
                                "action":{
                                    "type":"origins:change_resource",
                                    "resource":"madelinetheclimber:resources_badelinespeaking",
                                    "operation":"set",
                                    "change":0
                                }
                            }
                        ]
                    },
                    "weight":10
                },
                {
                    "element":{
                        "type":"origins:and",
                        "actions":[
                            {
                                "type":"origins:execute_command",
                                "command":"title @s actionbar \"§dDo you even think before calling me?\""
                            },
                            {
                                "type":"origins:change_resource",
                                "resource":"madelinetheclimber:resources_badelinespeaking",
                                "operation":"set",
                                "change":8
                            },
                            {
                                "type":"origins:delay",
                                "ticks":25,
                                "action":{
                                    "type":"origins:change_resource",
                                    "resource":"madelinetheclimber:resources_badelinespeaking",
                                    "operation":"set",
                                    "change":0
                                }
                            }
                        ]
                    },
                    "weight":10
                },
                {
                    "element":{
                        "type":"origins:and",
                        "actions":[
                            {
                                "type":"origins:execute_command",
                                "command":"title @s actionbar \"§dYour personal lift is out of order!\""
                            },
                            {
                                "type":"origins:change_resource",
                                "resource":"madelinetheclimber:resources_badelinespeaking",
                                "operation":"set",
                                "change":1
                            },
                            {
                                "type":"origins:delay",
                                "ticks":25,
                                "action":{
                                    "type":"origins:change_resource",
                                    "resource":"madelinetheclimber:resources_badelinespeaking",
                                    "operation":"set",
                                    "change":0
                                }
                            }
                        ]
                    },
                    "weight":10
                }
            ]
        },
        "condition":{
            "type":"origins:and",
            "conditions":[
                {
                    "type":"origins:resource",
                    "resource":"madelinetheclimber:resources_badelinecooldown",
                    "comparison":">",
                    "compare_to":0
                },
                {
                    "type":"origins:resource",
                    "resource":"madelinetheclimber:resources_badelinespeaking",
                    "comparison":"==",
                    "compare_to":0
                }
            ]
        }
    },
    "badelinespeak":{
        "type":"origins:action_over_time",
        "interval":4,
        "entity_action":{
            "type":"origins:if_else_list",
            "actions":[
                {
                    "condition":{
                        "type":"origins:resource",
                        "resource":"madelinetheclimber:resources_badelinespeaking",
                        "comparison":"==",
                        "compare_to":1
                    },
                    "action":{
                        "type":"origins:choice",
                        "actions":[
                            {
                                "element":{
                                    "type":"origins:execute_command",
                                    "command":"playsound minecraft:celeste.badelinespeak.normal.a player @s"
                                },
                                "weight":10
                            },
                            {
                                "element":{
                                    "type":"origins:execute_command",
                                    "command":"playsound minecraft:celeste.badelinespeak.normal.b player @s"
                                },
                                "weight":10
                            },
                            {
                                "element":{
                                    "type":"origins:execute_command",
                                    "command":"playsound minecraft:celeste.badelinespeak.normal.c player @s"
                                },
                                "weight":10
                            },
                            {
                                "element":{
                                    "type":"origins:execute_command",
                                    "command":"playsound minecraft:celeste.badelinespeak.normal.per player @s"
                                },
                                "weight":10
                            }
                        ]
                    }
                },
                {
                    "condition":{
                        "type":"origins:resource",
                        "resource":"madelinetheclimber:resources_badelinespeaking",
                        "comparison":"==",
                        "compare_to":2
                    },
                    "action":{
                        "type":"origins:choice",
                        "actions":[
                            {
                                "element":{
                                    "type":"origins:execute_command",
                                    "command":"playsound minecraft:celeste.badelinespeak.angry.a player @s"
                                },
                                "weight":10
                            },
                            {
                                "element":{
                                    "type":"origins:execute_command",
                                    "command":"playsound minecraft:celeste.badelinespeak.angry.b player @s"
                                },
                                "weight":10
                            },
                            {
                                "element":{
                                    "type":"origins:execute_command",
                                    "command":"playsound minecraft:celeste.badelinespeak.angry.c player @s"
                                },
                                "weight":10
                            },
                            {
                                "element":{
                                    "type":"origins:execute_command",
                                    "command":"playsound minecraft:celeste.badelinespeak.angry.per player @s"
                                },
                                "weight":10
                            }
                        ]
                    }
                },
                {
                    "condition":{
                        "type":"origins:resource",
                        "resource":"madelinetheclimber:resources_badelinespeaking",
                        "comparison":"==",
                        "compare_to":3
                    },
                    "action":{
                        "type":"origins:choice",
                        "actions":[
                            {
                                "element":{
                                    "type":"origins:execute_command",
                                    "command":"playsound minecraft:celeste.badelinespeak.concerned.a player @s"
                                },
                                "weight":10
                            },
                            {
                                "element":{
                                    "type":"origins:execute_command",
                                    "command":"playsound minecraft:celeste.badelinespeak.concerned.b player @s"
                                },
                                "weight":10
                            },
                            {
                                "element":{
                                    "type":"origins:execute_command",
                                    "command":"playsound minecraft:celeste.badelinespeak.concerned.c player @s"
                                },
                                "weight":10
                            },
                            {
                                "element":{
                                    "type":"origins:execute_command",
                                    "command":"playsound minecraft:celeste.badelinespeak.concerned.per player @s"
                                },
                                "weight":10
                            }
                        ]
                    }
                },
                {
                    "condition":{
                        "type":"origins:resource",
                        "resource":"madelinetheclimber:resources_badelinespeaking",
                        "comparison":"==",
                        "compare_to":4
                    },
                    "action":{
                        "type":"origins:choice",
                        "actions":[
                            {
                                "element":{
                                    "type":"origins:execute_command",
                                    "command":"playsound minecraft:celeste.badelinespeak.freak.a player @s"
                                },
                                "weight":10
                            },
                            {
                                "element":{
                                    "type":"origins:execute_command",
                                    "command":"playsound minecraft:celeste.badelinespeak.freak.b player @s"
                                },
                                "weight":10
                            },
                            {
                                "element":{
                                    "type":"origins:execute_command",
                                    "command":"playsound minecraft:celeste.badelinespeak.freak.c player @s"
                                },
                                "weight":10
                            },
                            {
                                "element":{
                                    "type":"origins:execute_command",
                                    "command":"playsound minecraft:celeste.badelinespeak.freak.per player @s"
                                },
                                "weight":10
                            }
                        ]
                    }
                },
                {
                    "condition":{
                        "type":"origins:resource",
                        "resource":"madelinetheclimber:resources_badelinespeaking",
                        "comparison":"==",
                        "compare_to":5
                    },
                    "action":{
                        "type":"origins:choice",
                        "actions":[
                            {
                                "element":{
                                    "type":"origins:execute_command",
                                    "command":"playsound minecraft:celeste.badelinespeak.scoff.a player @s"
                                },
                                "weight":10
                            },
                            {
                                "element":{
                                    "type":"origins:execute_command",
                                    "command":"playsound minecraft:celeste.badelinespeak.scoff.b player @s"
                                },
                                "weight":10
                            },
                            {
                                "element":{
                                    "type":"origins:execute_command",
                                    "command":"playsound minecraft:celeste.badelinespeak.scoff.c player @s"
                                },
                                "weight":10
                            },
                            {
                                "element":{
                                    "type":"origins:execute_command",
                                    "command":"playsound minecraft:celeste.badelinespeak.scoff.per player @s"
                                },
                                "weight":10
                            }
                        ]
                    }
                },
                {
                    "condition":{
                        "type":"origins:resource",
                        "resource":"madelinetheclimber:resources_badelinespeaking",
                        "comparison":"==",
                        "compare_to":6
                    },
                    "action":{
                        "type":"origins:choice",
                        "actions":[
                            {
                                "element":{
                                    "type":"origins:execute_command",
                                    "command":"playsound minecraft:celeste.badelinespeak.serious.a player @s"
                                },
                                "weight":10
                            },
                            {
                                "element":{
                                    "type":"origins:execute_command",
                                    "command":"playsound minecraft:celeste.badelinespeak.serious.b player @s"
                                },
                                "weight":10
                            },
                            {
                                "element":{
                                    "type":"origins:execute_command",
                                    "command":"playsound minecraft:celeste.badelinespeak.serious.c player @s"
                                },
                                "weight":10
                            },
                            {
                                "element":{
                                    "type":"origins:execute_command",
                                    "command":"playsound minecraft:celeste.badelinespeak.serious.per player @s"
                                },
                                "weight":10
                            }
                        ]
                    }
                },
                {
                    "condition":{
                        "type":"origins:resource",
                        "resource":"madelinetheclimber:resources_badelinespeaking",
                        "comparison":"==",
                        "compare_to":7
                    },
                    "action":{
                        "type":"origins:choice",
                        "actions":[
                            {
                                "element":{
                                    "type":"origins:execute_command",
                                    "command":"playsound minecraft:celeste.badelinespeak.skeptical.a player @s"
                                },
                                "weight":10
                            },
                            {
                                "element":{
                                    "type":"origins:execute_command",
                                    "command":"playsound minecraft:celeste.badelinespeak.skeptical.b player @s"
                                },
                                "weight":10
                            },
                            {
                                "element":{
                                    "type":"origins:execute_command",
                                    "command":"playsound minecraft:celeste.badelinespeak.skeptical.c player @s"
                                },
                                "weight":10
                            },
                            {
                                "element":{
                                    "type":"origins:execute_command",
                                    "command":"playsound minecraft:celeste.badelinespeak.skeptical.per player @s"
                                },
                                "weight":10
                            }
                        ]
                    }
                },
                {
                    "condition":{
                        "type":"origins:resource",
                        "resource":"madelinetheclimber:resources_badelinespeaking",
                        "comparison":"==",
                        "compare_to":8
                    },
                    "action":{
                        "type":"origins:choice",
                        "actions":[
                            {
                                "element":{
                                    "type":"origins:execute_command",
                                    "command":"playsound minecraft:celeste.badelinespeak.upset.a player @s"
                                },
                                "weight":10
                            },
                            {
                                "element":{
                                    "type":"origins:execute_command",
                                    "command":"playsound minecraft:celeste.badelinespeak.upset.b player @s"
                                },
                                "weight":10
                            },
                            {
                                "element":{
                                    "type":"origins:execute_command",
                                    "command":"playsound minecraft:celeste.badelinespeak.upset.c player @s"
                                },
                                "weight":10
                            },
                            {
                                "element":{
                                    "type":"origins:execute_command",
                                    "command":"playsound minecraft:celeste.badelinespeak.upset.per player @s"
                                },
                                "weight":10
                            }
                        ]
                    }
                },
                {
                    "condition":{
                        "type":"origins:resource",
                        "resource":"madelinetheclimber:resources_badelinespeaking",
                        "comparison":"==",
                        "compare_to":9
                    },
                    "action":{
                        "type":"origins:choice",
                        "actions":[
                            {
                                "element":{
                                    "type":"origins:execute_command",
                                    "command":"playsound minecraft:celeste.badelinespeak.worried.a player @s"
                                },
                                "weight":10
                            },
                            {
                                "element":{
                                    "type":"origins:execute_command",
                                    "command":"playsound minecraft:celeste.badelinespeak.worried.b player @s"
                                },
                                "weight":10
                            },
                            {
                                "element":{
                                    "type":"origins:execute_command",
                                    "command":"playsound minecraft:celeste.badelinespeak.worried.c player @s"
                                },
                                "weight":10
                            },
                            {
                                "element":{
                                    "type":"origins:execute_command",
                                    "command":"playsound minecraft:celeste.badelinespeak.worried.per player @s"
                                },
                                "weight":10
                            }
                        ]
                    }
                },
                {
                    "condition":{
                        "type":"origins:resource",
                        "resource":"madelinetheclimber:resources_badelinespeaking",
                        "comparison":"==",
                        "compare_to":10
                    },
                    "action":{
                        "type":"origins:choice",
                        "actions":[
                            {
                                "element":{
                                    "type":"origins:execute_command",
                                    "command":"playsound minecraft:celeste.badelinespeak.yell.a player @s"
                                },
                                "weight":10
                            },
                            {
                                "element":{
                                    "type":"origins:execute_command",
                                    "command":"playsound minecraft:celeste.badelinespeak.yell.b player @s"
                                },
                                "weight":10
                            },
                            {
                                "element":{
                                    "type":"origins:execute_command",
                                    "command":"playsound minecraft:celeste.badelinespeak.yell.c player @s"
                                },
                                "weight":10
                            },
                            {
                                "element":{
                                    "type":"origins:execute_command",
                                    "command":"playsound minecraft:celeste.badelinespeak.yell.per player @s"
                                },
                                "weight":10
                            }
                        ]
                    }
                }
            ]
        },
        "condition":{
            "type":"origins:and",
            "conditions":[
                {
                    "type":"origins:resource",
                    "resource":"madelinetheclimber:resources_badelinespeaking",
                    "comparison":">",
                    "compare_to":0
                }
            ]
        }
    },
    "indicatorparticles":{
        "type":"origins:action_over_time",
        "interval":1,
        "entity_action":{
            "type":"origins:execute_command",
            "command":"execute as @e[tag=badelinetarget, sort=nearest,limit=1] at @s run particle minecraft:happy_villager ~ ~1 ~ 0.1 0.5 0.1 2 1 force"
        }
    },
    "badelinespawnhandler":{
        "type":"origins:active_self",
        "key":{
            "id":"key.origins.ternary_active",
            "continuous":true
        },
        "entity_action":{
            "type":"origins:and",
            "actions":[
                {
                    "type":"origins:change_resource",
                    "resource":"madelinetheclimber:resources_badelinepresent",
                    "operation":"set",
                    "change":1
                },
                {
                    "type":"origins:execute_command",
                    "command":"summon armor_stand ~ ~ ~ {Invisible:1b,Marker:1b,Glowing:1b,NoGravity:1b,PersistenceRequired:1b,Tags:['badeline'],ArmorItems:[{},{},{},{id:iron_nugget,components:{custom_model_data:48481},count:1}],ArmorDropChances:[0f,0f,0f,0f]}"
                },
                {
                    "type":"origins:change_resource",
                    "resource":"madelinetheclimber:resources_shouldlimitdash",
                    "operation":"set",
                    "change":1
                }
            ]
        },
        "condition":{
            "type":"origins:and",
            "conditions":[
                {
                    "type":"origins:resource",
                    "resource":"madelinetheclimber:resources_badelinepresent",
                    "comparison":"==",
                    "compare_to":0
                },
                {
                    "type":"origins:resource",
                    "resource":"madelinetheclimber:resources_badelinecooldown",
                    "comparison":"==",
                    "compare_to":0
                }
            ]
        }
    },
    "badelinetravel":{
        "type":"origins:action_over_time",
        "interval":1,
        "entity_action":{
            "type":"origins:and",
            "actions":[
                {
                    "type":"origins:execute_command",
                    "command":"execute as @e[tag=badeline, sort=nearest,limit=1] at @s run tp @s ~ ~ ~ facing entity @e[tag=badelinetarget,sort=nearest,limit=1]"
                },
                {
                    "type":"origins:execute_command",
                    "command":"execute as @e[tag=badeline, sort=nearest,limit=1] at @s run tp @s ^ ^ ^0.12"
                }
            ]
        },
        "condition":{
            "type":"origins:and",
            "conditions":[
                {
                    "type":"origins:resource",
                    "resource":"madelinetheclimber:resources_badelineindicated",
                    "comparison":"==",
                    "compare_to":0
                },
                {
                    "type":"origins:resource",
                    "resource":"madelinetheclimber:resources_badelinereachedtarget",
                    "comparison":"==",
                    "compare_to":0
                }
            ]
        }
    },
    "badelinetravelanim":{
        "type":"origins:action_over_time",
        "interval":1,
        "entity_action":{
            "type":"origins:if_else",
            "condition":{
                "type":"origins:resource",
                "resource":"madelinetheclimber:resources_badelineindicated",
                "comparison":"==",
                "compare_to":0
            },
            "if_action":{
                "type":"origins:execute_command",
                "command":"item replace entity @e[tag=badeline] armor.head with minecraft:iron_nugget[minecraft:custom_model_data=48482] 1"
            },
            "else_action":{
                "type":"origins:execute_command",
                "command":"item replace entity @e[tag=badeline] armor.head with minecraft:iron_nugget[minecraft:custom_model_data=48481] 1"
            }
        },
        "condition":{
            "type":"origins:and",
            "conditions":[
                {
                    "type":"origins:resource",
                    "resource":"madelinetheclimber:resources_badelinepresent",
                    "comparison":"==",
                    "compare_to":1
                },
                {
                    "type":"origins:resource",
                    "resource":"madelinetheclimber:resources_badelinereachedtarget",
                    "comparison":"==",
                    "compare_to":0
                }
            ]
        }
    },
    "badelinekilltarget":{
        "type":"origins:action_over_time",
        "interval":1,
        "entity_action":{
            "type":"origins:selector_action",
            "selector":"@e[tag=badeline]",
            "bientity_action":{
                "type":"origins:target_action",
                "action":{
                    "type":"origins:and",
                    "actions":[
                        {
                            "type":"origins:execute_command",
                            "command":"kill @e[tag=badelinetarget,sort=nearest,limit=1]"
                        },
                        {
                            "type":"origins:execute_command",
                            "command":"resource set @e[tag=zbyszeqs_madeline,sort=nearest,limit=1] madelinetheclimber:resources_badelinereachedtarget 1"
                        },
                        {
                            "type":"origins:execute_command",
                            "command":"title @p[tag=zbyszeqs_madeline,sort=nearest,limit=1] actionbar \"§a[badeline has reached her destination]\""
                        },
                        {
                            "type":"origins:execute_command",
                            "command":"item replace entity @s armor.head with minecraft:iron_nugget[minecraft:custom_model_data=48481] 1"
                        }
                    ]
                }
            },
            "bientity_condition": {
                "type": "origins:target_condition",
                "condition": {
                    "type": "origins:command",
                    "command": "execute if entity @e[tag=badelinetarget, distance = 0..0.1]",
                    "comparison": ">=",
                    "compare_to": 1
                }
            }
        }
    },
    "badelinelookylooky":{
        "type":"origins:action_over_time",
        "interval":1,
        "entity_action":{
            "type":"origins:execute_command",
            "command":"execute as @e[tag=badeline, sort=nearest,limit=1] at @s run tp @s ~ ~ ~ facing entity @e[tag=zbyszeqs_madeline, sort=nearest,limit=1]"
        },
        "condition":{
            "type":"origins:and",
            "conditions":[
                {
                    "type":"origins:resource",
                    "resource":"madelinetheclimber:resources_grabbedbybadeline",
                    "comparison":"==",
                    "compare_to":0
                },
                {
                    "type":"origins:or",
                    "conditions":[
                        {
                            "type":"origins:resource",
                            "resource":"madelinetheclimber:resources_badelinereachedtarget",
                            "comparison":"==",
                            "compare_to":1
                        },
                        {
                            "type":"origins:resource",
                            "resource":"madelinetheclimber:resources_badelineindicated",
                            "comparison":">",
                            "compare_to":0
                        }
                    ]
                }
            ]
        }
    },
    "badelineboost":{
        "type":"origins:action_over_time",
        "interval":1,
        "entity_action":{
            "type":"origins:and",
            "actions":[
                {
                    "type":"origins:play_sound",
                    "sound":"minecraft:celeste.badelinegrab"
                },
                {
                    "type":"origins:change_resource",
                    "resource":"madelinetheclimber:resources_grabbedbybadeline",
                    "operation":"set",
                    "change":1
                },
                {
                    "type":"origins:change_resource",
                    "resource":"madelinetheclimber:resources_canbegrabbed",
                    "operation":"set",
                    "change":0
                },
                {
                    "type":"origins:and",
                    "actions":[
                        {
                            "type":"origins:execute_command",
                            "command":"item replace entity @e[tag=badeline, sort=nearest,limit=1] armor.head with minecraft:iron_nugget[minecraft:custom_model_data=48483] 1"
                        },
                        {
                            "type":"origins:delay",
                            "ticks":1,
                            "action":{
                                "type":"origins:and",
                                "actions":[
                                    {
                                        "type":"origins:execute_command",
                                        "command":"item replace entity @e[tag=badeline, sort=nearest,limit=1] armor.head with minecraft:iron_nugget[minecraft:custom_model_data=48484] 1"
                                    },
                                    {
                                        "type":"origins:delay",
                                        "ticks":6,
                                        "action":{
                                            "type":"origins:and",
                                            "actions":[
                                                {
                                                    "type":"origins:play_sound",
                                                    "sound":"minecraft:celeste.badelinethrow"
                                                },
                                                {
                                                    "type":"origins:execute_command",
                                                    "command":"item replace entity @e[tag=badeline, sort=nearest,limit=1] armor.head with minecraft:iron_nugget[minecraft:custom_model_data=48485] 1"
                                                },
                                                {
                                                    "type":"origins:delay",
                                                    "ticks":1,
                                                    "action":{
                                                        "type":"origins:and",
                                                        "actions":[
                                                            {
                                                                "type":"origins:execute_command",
                                                                "command":"item replace entity @e[tag=badeline, sort=nearest,limit=1] armor.head with minecraft:iron_nugget[minecraft:custom_model_data=48486] 1"
                                                            },
                                                            {
                                                                "type":"origins:delay",
                                                                "ticks":1,
                                                                "action":{
                                                                    "type":"origins:and",
                                                                    "actions":[
                                                                        {
                                                                            "type":"origins:execute_command",
                                                                            "command":"item replace entity @e[tag=badeline, sort=nearest,limit=1] armor.head with minecraft:iron_nugget[minecraft:custom_model_data=48487] 1"
                                                                        }
                                                                    ]
                                                                }
                                                            },
                                                            {
                                                                "type":"origins:change_resource",
                                                                "resource":"madelinetheclimber:resources_grabbedbybadeline",
                                                                "operation":"set",
                                                                "change":0
                                                            },
                                                            {
                                                                "type":"origins:add_velocity",
                                                                "y":1.5
                                                            },
                                                            {
                                                                "type":"origins:change_resource",
                                                                "resource":"madelinetheclimber:resources_shouldlimitdash",
                                                                "operation":"set",
                                                                "change":0
                                                            },
                                                            {
                                                                "type":"origins:change_resource",
                                                                "resource":"madelinetheclimber:resources_dashesleft",
                                                                "operation":"set",
                                                                "change":2
                                                            },
                                                            {
                                                                "type":"origins:change_resource",
                                                                "resource":"madelinetheclimber:resources_staminabar",
                                                                "operation":"set",
                                                                "change":220000
                                                            },
                                                            {
                                                                "type":"origins:delay",
                                                                "ticks":5,
                                                                "action":{
                                                                    "type":"origins:and",
                                                                    "actions":[
                                                                        {
                                                                            "type":"origins:change_resource",
                                                                            "resource":"madelinetheclimber:resources_badelinecooldown",
                                                                            "operation":"set",
                                                                            "change":9999
                                                                        },
                                                                        {
                                                                            "type":"origins:execute_command",
                                                                            "command":"kill @e[tag=badeline]"
                                                                        },
                                                                        {
                                                                            "type":"origins:change_resource",
                                                                            "resource":"madelinetheclimber:resources_badelinepresent",
                                                                            "operation":"set",
                                                                            "change":0
                                                                        },
                                                                        {
                                                                            "type":"origins:change_resource",
                                                                            "resource":"madelinetheclimber:resources_badelinereachedtarget",
                                                                            "operation":"set",
                                                                            "change":0
                                                                        },
                                                                        {
                                                                            "type":"origins:change_resource",
                                                                            "resource":"madelinetheclimber:resources_canbegrabbed",
                                                                            "operation":"set",
                                                                            "change":1
                                                                        }
                                                                    ]
                                                                }
                                                            }
                                                        ]
                                                    }
                                                }
                                            ]
                                        }
                                    }
                                ]
                            }
                        }
                    ]
                }
            ]
        },
        "condition":{
            "type":"origins:and",
            "conditions":[
                {
                    "type":"origins:resource",
                    "resource":"madelinetheclimber:resources_badelinereachedtarget",
                    "comparison":"==",
                    "compare_to":1
                },
                {
                    "type": "origins:command",
                    "command": "execute if entity @e[tag=badeline, distance = 0..1]",
                    "comparison": ">=",
                    "compare_to": 1
                },
                {
                    "type":"origins:resource",
                    "resource":"madelinetheclimber:resources_grabbedbybadeline",
                    "comparison":"==",
                    "compare_to":0
                },
                {
                    "type":"origins:resource",
                    "resource":"madelinetheclimber:resources_canbegrabbed",
                    "comparison":"==",
                    "compare_to":1
                }
            ]
        }
    },
    "badelinehold":{
        "type":"origins:action_over_time",
        "interval":1,
        "entity_action":{
            "type":"origins:and",
            "actions":[
                {
                    "type":"origins:add_velocity",
                    "x":0,
                    "y":0,
                    "z":0,
                    "set":true
                },
                {
                    "type":"origins:execute_command",
                    "command":"execute as @e[tag=badeline] at @s run tp @e[tag=zbyszeqs_madeline] ^ ^ ^0.5"
                }
            ]
        },
        "condition":{
            "type":"origins:resource",
            "resource":"madelinetheclimber:resources_grabbedbybadeline",
            "comparison":"==",
            "compare_to":1
        }
    }
}