{
    "name": "Driller",
    "description": "You have a drill, you can break almost any block and faster!",
    "badges": [
        {
            "type": "origins:tooltip",
            "sprite": "origins:textures/gui/badge/star.png",
            "text": "Uses 20 stress/block broken"
        },
        {
            "type": "origins:keybind",
            "sprite": "origins:textures/gui/badge/toggle.png",
            "text": "Activate drill using %s"
        }
    ],
    "type": "origins:multiple",

    "toggle": {
        "type": "origins:toggle",
        "active_by_default": false,
        "retain_state": false,
        "condition": {
            "type": "origins:resource",
            "resource": "create_automaton:stress_overstress-toggle",
            "comparison": "==",
            "compare_to": 0
        }
    },

    "breaker": {
        "type": "origins:modify_harvest",
        "block_condition": {
            "type": "origins:and",
            "conditions": [
                {
                    "type": "origins:hardness",
                    "comparison": "<",
                    "compare_to": 3
                }
            ]
        },
        "allow": true,
        "condition": {
            "type": "origins:power_active",
            "power": "create_automaton:andesite/drill/drill_toggle"
        }
    },
    "breaker-speed": {
        "type": "origins:modify_break_speed",
        "modifier": {
            "value": 0.08,
            "operation": "addition"
        },
        "condition": {
            "type": "origins:power_active",
            "power": "create_automaton:andesite/drill/drill_toggle"
        }
    },

    "stress": {
        "type": "origins:action_on_block_break",
        "entity_action": {
            "type": "origins:change_resource",
            "resource": "create_automaton:stress_stress-meter",
            "change": 20
        },
        "condition": {
            "type": "origins:power_active",
            "power": "create_automaton:andesite/drill/drill_toggle"
        }
    },

    "overstressed": {
        "type": "origins:action_over_time",
        "entity_action": {
            "type": "origins:toggle",
            "power": "create_automaton:andesite/drill/drill_toggle"
        },
        "interval": 1,
        "condition": {
            "type": "origins:and",
            "conditions": [
                {
                    "type": "origins:power_active",
                    "power": "create_automaton:andesite/drill/drill_toggle"
                },
                {
                    "type": "origins:resource",
                    "resource": "create_automaton:stress_overstress-toggle",
                    "comparison": "==",
                    "compare_to": 1
                }
            ]
        }
    },

    "show-resource": {
        "type": "origins:resource",
        "min": 0,
        "max": 1,
        "start_value": 1,
        "hud_render": {
            "sprite_location": "origins:textures/gui/community/spiderkolo/resource_bar_02.png",
            "bar_index": 3,
            "condition": {
                "type": "origins:power_active",
                "power": "create_automaton:andesite/drill/drill_toggle"
            }
        }
    }
}