{
	"carvers": {},
	"downfall": 0,
	"effects": {
		"fog_color": 13820927,
		"sky_color": 9227263,
		"water_color": 5348334,
		"water_fog_color": 271449,
		"grass_color": 7458415,
		"foliage_color": 4634955,
		"music": {
			"sound": "minecraft:music.overworld.flower_forest",
			"min_delay": 12000,
			"max_delay": 24000,
			"replace_current_music": false
		}
	},
	"features": [["minecraft:flower_default", "minecraft:flower_meadow", "minecraft:flower_plain", "minecraft:flower_plains", "minecraft:flower_swamp", "minecraft:flower_warm", "minecraft:patch_sunflower"]],
	"has_precipitation": false,
	"spawn_costs": {},
	"spawners": {
		"ambient": [],
		"axolotls": [],
		"creature": [],
		"misc": [],
		"monster": [],
		"underground_water_creature": [],
		"water_ambient": [],
		"water_creature": []
	},
	"temperature": 0.8,
	"creature_spawn_probability": 0
}
