{
	"name": "Elfish Body",
	"description": "You're a bit short, only a bit (you know a few shorter people, it isn't that bad!!) at 1.5 blocks tall and a bit weaker with only 8 hearts.",
	"type": "origins:multiple",
	"height": {
		"type": "origins:action_on_callback",
		"entity_action_chosen": {
			"type": "origins:and",
			"actions": [
				{
					"type": "origins:execute_command",
					"command": "scale set pehkui:width 0.8"
				},
				{
					"type": "origins:execute_command",
					"command": "scale set pehkui:height 0.8"
				},
				{
					"type": "origins:execute_command",
					"command": "scale persist set pehkui:width true @s"
				},
				{
					"type": "origins:execute_command",
					"command": "scale persist set pehkui:height true @s"
				}
			]
		},
		"entity_action_removed": {
			"type": "origins:and",
			"actions": [
				{
					"type": "origins:execute_command",
					"command": "scale set pehkui:width 1"
				},
				{
					"type": "origins:execute_command",
					"command": "scale set pehkui:height 1"
				},
				{
					"type": "origins:execute_command",
					"command": "scale persist set pehkui:width false @s"
				},
				{
					"type": "origins:execute_command",
					"command": "scale persist set pehkui:height false @s"
				}
			]
		},
		"entity_action_added": {
			"type": "origins:and",
			"actions": [
				{
					"type": "origins:execute_command",
					"command": "scale set pehkui:width 0.8"
				},
				{
					"type": "origins:execute_command",
					"command": "scale set pehkui:height 0.8"
				},
				{
					"type": "origins:execute_command",
					"command": "scale persist set pehkui:width true @s"
				},
				{
					"type": "origins:execute_command",
					"command": "scale persist set pehkui:height true @s"
				}
			]
		},
		"execute_chosen_when_orb": true
	},
	"health": {
		"type": "origins:attribute",
		"modifier": {
			"attribute": "minecraft:generic.max_health",
			"value": -4,
			"operation": "addition"
		}
	}
}
