{
	"name": "Butterfingers",
	"description": "Due to your slippery fingers, you can't grip axes very well and often end up accidentally throwing the axe at someone who isn't your target, which isn't very effective.",
	"type": "origins:multiple",
	"heavy_weapons": {
		"type": "origins:modify_damage_dealt",
		"modifier": {
			"operation": "multiply_base",
			"value": -0.5
		},
		"bientity_condition": {
			"type": "origins:actor_condition",
			"condition": {
				"type": "origins:equipped_item",
				"equipment_slot": "mainhand",
				"item_condition": {
					"type": "origins:ingredient",
					"ingredient": {
						"tag": "dexterous_elf:heavy_weapons"
					}
				}
			}
		}
	},
	"heavy_weapons_tooltip": {
		"type": "origins:tooltip",
		"item_condition": {
			"type": "origins:ingredient",
			"ingredient": {
				"tag": "dexterous_elf:heavy_weapons"
			}
		},
		"text": "Halved Damage (Weak)."
	}
}
