{
    "name": "Anorexic",
    "description": "Because of your small size and increased speed you are faster than average and don't get hungry as often.",
    "type": "origins:multiple",
    "faster": {
        "type": "origins:attribute",
        "modifier": {
            "attribute": "minecraft:generic.movement_speed",
            "operation": "multiply_base",
            "value": 0.35
        }
    },
    "lesshungry": {
        "type": "origins:modify_exhaustion",
        "modifier": {
            "operation": "multiply_base",
            "value": -0.35
        }
    }
}
